tweets_id	type	begin	end	extraction
1376899434399854600	ENFERMEDAD	179	198	infección por COVID
1376899434399854600	ENFERMEDAD	101	108	COVID19
478547490875002881	ENFERMEDAD	15	30	apnea del sueño
1422156526085623810	ENFERMEDAD	24	46	síndrome de Sanfilippo
1422156526085623810	ENFERMEDAD	219	229	Sanfilippo
1434813984000053248	ENFERMEDAD	164	188	enfermedad renal crónica
1464238151485042691	ENFERMEDAD	84	104	diversidad funcional
1464238151485042691	ENFERMEDAD	259	279	diversidad funcional
1455490054990835718	ENFERMEDAD	72	76	DMAE
1455490054990835718	ENFERMEDAD	31	70	Degeneración Macular Asociada a la Edad
471637065658929154	ENFERMEDAD	24	47	trastornos de la visión
1466121386334859265	ENFERMEDAD	21	39	Enfermedades Raras
1466121386334859265	ENFERMEDAD	148	160	discapacidad
1472496174087036928	ENFERMEDAD	37	44	COVID19
1440358884678397957	ENFERMEDAD	63	94	enfermedades neurodegenerativas
